User Name,User Age,User Email,User Mobile,User Gender,User Type,Q2,Q3,Q4,Q5,Satisfy,Time
Akshat Sanvaliya,21,asanvaliya1@gmail.com,8962318980,Male,True,Question,generalize it,variability,True,Yes,100
Selena Gomez,28,sselena22@gmail.com,555444333666,Female,True,Question,randomize it,variability,False,Yes,42
Jade,29,asdf@gmail.com,567896543,Female,,Question,generalize it,Verification,True,Yes,24
Tulsi,21,tulsi@gmail.com,8967245357,Female,True,Question,generalize it,variability,,Yes,34
Harry Styles,34,adjaoidhoi@gmail.com,34455667878,Male,False,Answer,randomize it,variability,False,No,28
Robert Downy Junior,55,robeert@gmail.com,233456457868,Male,True,Answer,randomize it,variability,False,Yes,33
Spongebob,32,sdhsirhu@gmail.com,34556768687,Male,True,Answer,randomize it,variability,True,Yes,29
abcd,34,heuidiubicb@gmail.com,5667575,Female,False,Answer,randomize it,Verification,True,Yes,28
asfsfg,34,gdfgdbdb,656756668,Male,False,Answer,randomize it,variability,False,Yes,16
Gaurav,21,gaurav@gmail.com,45465768799,Male,False,Answer,generalize it,variability,True,Yes,21
Ayush,21,ajdiohcfuih@gmail.com,3445567678,Male,True,Question,generalize it,Verification,False,Yes,25
rita ora,34,sdfnrfiu@gmail.com,234345546,Female,True,,randomize it,Verification,True,Yes,62
Post Malone,38,post@gmail.com,345456756576,Male,True,Question,generalize it,variability,False,No,35
Lil Nas X,34,lil@gmail.com,45464675876,Male,False,Answer,generalize it,,,Yes,39
Jack harlow,30,jack@gmail.com,3456576789,Male,True,Answer,generalize it,Verification,False,Yes,30
Marcus Halloway,25,marcusXXX@gmail.com,886347523085,Male,True,Question,randomize it,variability,True,Yes,126
Aiden Pierce,29,aiden@gmail.com,45547567876,Male,True,Question,generalize it,Verification,True,Yes,27
Justin,34,jus@gmail.com,34648679,Male,True,Answer,randomize it,variability,True,No,30
Austin,34,austin 2GMAIL.COM,3443646578,Male,True,Answer,randomize it,variability,False,No,57
Alley,21,alley@gmail.com,23446578789,Male,True,Answer,randomize it,Verification,False,Yes,49
BOB,23,bob@gmail.com,3556890873,Male,True,Answer,randomize it,Verification,False,Yes,50
Lisa,34,lis@gmail.com,8946476235,Female,True,Question,generalize it,Verification,False,Yes,67
Mia Khalifa,34,mia@gmail.com,34566867634,Female,False,Answer,randomize it,variability,False,No,51
Sasha grey,29,sasgirl@gmail.com,574743649,Female,True,Question,generalize it,Verification,False,Yes,86
Ozuna,40,oz@gmail.com,5554443999,Male,False,Answer,randomize it,variability,True,Yes,141
Megan Thee Stallion,38,megthe@gmail.com,99994494433,Female,False,Answer,randomize it,variability,True,Yes,185
J balvin,30,balvin@gmail.com,777886543,Male,True,Question,generalize it,Verification,True,Yes,131
Jesse Eisenberg,22,jesse1@gmail.com,2345677845,Male,False,Answer,randomize it,,True,No,78
Sean paul,43,sea@gmail.com,23455665778,Male,True,Question,randomize it,variability,True,No,128
Aidra Fox,26,aidr@gmail.com,345678779,Female,True,,generalize it,,,Yes,58
Ben Tenison,17,ben10@gmail.com,455678898,Male,False,,randomize it,variability,True,Yes,43
Niki Minaj,39,nikmin@gmail.com,5667788990,Female,True,Question,generalize it,variability,False,No,43
Adele,44,adlelele@gmail.com,233445567,Female,True,Answer,randomize it,variability,True,Yes,31
Anshul,22,ansh@gmail.com,8944568553,Male,True,Question,randomize it,variability,False,Yes,28
Chris Evans,39,chrEv@gmail.com,2345657889,Male,False,Answer,randomize it,Verification,True,Yes,51
Scarlett Johanson,33,ScarJoh@gmail.com,3434978239,Female,True,Question,randomize it,variability,False,No,36
Aishwarya,21,ais@gmail.com,4354767898,Female,,Question,generalize it,Verification,True,Yes,36
Taylor Swift,28,taytayswift@gmail.com,344556789,Female,False,,randomize it,variability,True,Yes,70
Lizzo,34,lizz@gmail.com,3456677898,Female,False,Answer,randomize it,Verification,False,Yes,89
Shinchan,5,shin@gmail.com,56566778998,Male,False,Answer,generalize it,,False,Yes,19
Mitsi Nohara,37,mitnoh@gmail.com,45566778,Female,True,Question,generalize it,Verification,False,Yes,23
Harry Nohara,40,harnoh@gmail.com,346676798,Male,False,,randomize it,,True,Yes,19
Jason Derulo,34,jason@gmail.com,6474874683,Male,True,Question,generalize it,Verification,True,Yes,55
Demi Lovato,36,demilov@gmail.com,4547585667,Female,True,Answer,generalize it,Verification,False,No,59
lil Dicky,37,lidDik@gmail.com,2343456678,Male,True,Answer,randomize it,Verification,True,Yes,33
Amanda Cox,23,amand@gmail.com,43546576,Female,True,Answer,randomize it,Verification,False,Yes,31
Ava Max,36,ava@gmail.com,3456577668,Female,True,Question,randomize it,variability,False,Yes,27
Pragya Dwivedi,21,pragdw@gmail.com,6854433445,Female,True,Question,randomize it,variability,False,Yes,28
Elizabeth Olsen,38,Eliol@gmail.com,344546789,Female,True,Question,randomize it,variability,,Yes,37
Zayn Malik,29,zaynmal@gmail.com,2354567687,Male,True,Question,generalize it,variability,False,No,30
Tom Cruise,50,tomc@gmail.com,555444333,Male,False,Question,randomize it,Verification,False,No,1003Akshat Sanvaliya,20,asanvaliya1@gmail.com,8962318980,Male,False,Answer,generalize it,Verification,False,Yes,50
